[
{
    "model": "accounts.user",
    "pk": 1,
    "fields": {
        "password": "pbkdf2_sha256$120000$wyRa2e34Ecid$48yu+QN8OKj0WhBAwKqgA59+1XwKA70GrznTqGlIq5s=",
        "last_login": "2019-05-16T13:39:00.505",
        "is_superuser": true,
        "username": "admin",
        "first_name": "",
        "last_name": "",
        "email": "",
        "is_staff": true,
        "is_active": true,
        "date_joined": "2019-05-15T12:17:27.755",
        "created_at": "2019-05-16T08:22:49.479",
        "groups": [],
        "user_permissions": [],
        "followers": [],
        "like_actors": []
    }
},
{
    "model": "accounts.user",
    "pk": 6,
    "fields": {
        "password": "pbkdf2_sha256$120000$B7AGCWEOytIq$xmQdlRNsm3uy2z9+gLRS0BpDBP898UVI4jw9687obkU=",
        "last_login": "2019-05-16T13:35:24.449",
        "is_superuser": false,
        "username": "hello",
        "first_name": "",
        "last_name": "",
        "email": "",
        "is_staff": false,
        "is_active": true,
        "date_joined": "2019-05-15T14:25:22.596",
        "created_at": "2019-05-16T08:22:49.479",
        "groups": [],
        "user_permissions": [],
        "followers": [],
        "like_actors": []
    }
},
{
    "model": "accounts.user",
    "pk": 7,
    "fields": {
        "password": "pbkdf2_sha256$120000$e7beB5zd1UBB$9EltrMXheXYVnTD/+msNied6yHjTdrhJ9IzgEV2vwk0=",
        "last_login": "2019-05-16T12:14:06.782",
        "is_superuser": false,
        "username": "test1",
        "first_name": "",
        "last_name": "",
        "email": "",
        "is_staff": false,
        "is_active": true,
        "date_joined": "2019-05-15T14:34:56.148",
        "created_at": "2019-05-16T08:22:49.479",
        "groups": [],
        "user_permissions": [],
        "followers": [],
        "like_actors": []
    }
},
{
    "model": "accounts.user",
    "pk": 8,
    "fields": {
        "password": "pbkdf2_sha256$120000$vSBAtEj0mNj3$jDQJ9a1pi9clj2AH1/p5lXKxZgnPUHUNLu/l+oLVCUg=",
        "last_login": "2019-05-16T05:31:22.605",
        "is_superuser": false,
        "username": "test2",
        "first_name": "",
        "last_name": "",
        "email": "",
        "is_staff": false,
        "is_active": true,
        "date_joined": "2019-05-15T14:43:19.734",
        "created_at": "2019-05-16T08:22:49.479",
        "groups": [],
        "user_permissions": [],
        "followers": [
            6
        ],
        "like_actors": []
    }
},
{
    "model": "accounts.user",
    "pk": 9,
    "fields": {
        "password": "pbkdf2_sha256$120000$xS3fca0JHZz6$QpHFY/jigriCvy8jtC2RPTW6S0lHJBtjMizGrzN2Gao=",
        "last_login": "2019-05-16T02:33:30.499",
        "is_superuser": false,
        "username": "test3",
        "first_name": "",
        "last_name": "",
        "email": "",
        "is_staff": false,
        "is_active": true,
        "date_joined": "2019-05-16T02:33:30.303",
        "created_at": "2019-05-16T08:22:49.479",
        "groups": [],
        "user_permissions": [],
        "followers": [],
        "like_actors": []
    }
},
{
    "model": "accounts.user",
    "pk": 10,
    "fields": {
        "password": "pbkdf2_sha256$120000$DbbiSxLMxbWM$hid6WQt0PSs4K6Hv01UcCUE5FNQ8G/TRC74f5ZI+qA4=",
        "last_login": "2019-05-16T07:53:51.994",
        "is_superuser": false,
        "username": "test5",
        "first_name": "",
        "last_name": "",
        "email": "",
        "is_staff": false,
        "is_active": true,
        "date_joined": "2019-05-16T07:53:51.810",
        "created_at": "2019-05-16T08:22:49.479",
        "groups": [],
        "user_permissions": [],
        "followers": [],
        "like_actors": []
    }
},
{
    "model": "accounts.user",
    "pk": 11,
    "fields": {
        "password": "pbkdf2_sha256$120000$cigbTLufufXn$Dve3kqPUfZD84zYN9rUs1EO4YrChq+EPnppqJ3GFOHc=",
        "last_login": "2019-05-16T08:42:00.078",
        "is_superuser": false,
        "username": "test6",
        "first_name": "",
        "last_name": "",
        "email": "",
        "is_staff": false,
        "is_active": true,
        "date_joined": "2019-05-16T08:41:59.865",
        "created_at": "2019-05-16T08:42:00.032",
        "groups": [],
        "user_permissions": [],
        "followers": [],
        "like_actors": []
    }
},
{
    "model": "accounts.user",
    "pk": 12,
    "fields": {
        "password": "pbkdf2_sha256$120000$gIyp57h9rewr$umb7I4WxFVPkdSx5z9wATCnwUTwqAlMi9UZ68XmABec=",
        "last_login": "2019-05-16T09:25:45.906",
        "is_superuser": false,
        "username": "nanana",
        "first_name": "",
        "last_name": "",
        "email": "",
        "is_staff": false,
        "is_active": true,
        "date_joined": "2019-05-16T09:25:45.706",
        "created_at": "2019-05-16T09:25:45.856",
        "groups": [],
        "user_permissions": [],
        "followers": [],
        "like_actors": []
    }
}
]
