{"filter":false,"title":"wholemovie.json","tooltip":"/movie_pjt/movies/fixtures/wholemovie.json","undoManager":{"mark":-1,"position":-1,"stack":[]},"ace":{"folds":[],"scrolltop":60,"scrollleft":0,"selection":{"start":{"row":29,"column":3},"end":{"row":29,"column":3},"isBackwards":false},"options":{"guessTabSize":true,"useWrapMode":false,"wrapToView":true},"firstLineState":{"row":1,"state":"start","mode":"ace/mode/json"}},"timestamp":1557746257464,"hash":"5e046d45483071e16da1675e8e32fdfb456e4b48"}